epoch,time,train/box_loss,train/seg_loss,train/cls_loss,train/dfl_loss,train/sem_loss,metrics/precision(B),metrics/recall(B),metrics/mAP50(B),metrics/mAP50-95(B),metrics/precision(M),metrics/recall(M),metrics/mAP50(M),metrics/mAP50-95(M),val/box_loss,val/seg_loss,val/cls_loss,val/dfl_loss,val/sem_loss,lr/pg0,lr/pg1,lr/pg2
1,18.7684,0.95577,2.04696,4.99622,1.09883,0,0,0,0,0,0,0,0,0,0.71527,1.07457,4.64118,0.9018,0,0.000520938,0.000520938,0.000520938
2,21.2791,1.10499,1.72067,2.92102,1.06993,0,1,0.03125,0.035,0.0315,1,0.03125,0.035,0.028,1.13404,6.13462,4.53129,1.22663,0,0.00104996,0.00104996,0.00104996
3,23.8373,1.1756,1.46589,1.41694,1.11945,0,0.82027,0.65625,0.77847,0.40209,0.67963,0.53125,0.63726,0.30978,1.30585,8.91856,2.85962,1.63211,0,0.00155147,0.00155147,0.00155147
4,26.3749,1.03648,1.33669,1.08152,1.09307,0,0.58811,0.75868,0.65248,0.43935,0.56979,0.74511,0.6145,0.4949,1.00258,1.71331,1.84831,1.24615,0,0.00154323,0.00154323,0.00154323
5,28.9465,0.93094,1.26706,0.94851,1.04026,0,0.6557,0.3125,0.3524,0.22379,0.6557,0.3125,0.35024,0.21303,0.95128,3.81332,2.56831,1.2564,0,0.00150197,0.00150197,0.00150197
6,31.4302,0.93361,1.29277,0.87015,1.05459,0,0.6131,0.5,0.66712,0.48239,0.69768,0.5,0.65935,0.47558,0.87335,3.05956,1.54749,1.10029,0,0.00146071,0.00146071,0.00146071
7,34.0182,0.8591,1.19759,0.82385,1.01496,0,0.86159,0.97276,0.96594,0.7376,0.86159,0.97276,0.96594,0.81875,0.7325,1.05473,1.21927,0.97231,0,0.00141945,0.00141945,0.00141945
8,36.5656,0.86055,1.19246,0.84692,1.01196,0,0.96811,0.96875,0.98745,0.7927,0.96811,0.96875,0.98745,0.82628,0.74133,0.94939,0.71867,1.00435,0,0.00137819,0.00137819,0.00137819
9,39.1305,0.80479,1.13928,0.7423,0.9834,0,0.97558,0.96875,0.965,0.79331,0.97558,0.96875,0.965,0.83107,0.6797,0.77745,0.66288,0.97296,0,0.00133693,0.00133693,0.00133693
10,41.7011,0.86497,1.11852,0.79138,0.98905,0,0.97667,0.96875,0.965,0.80978,0.97667,0.96875,0.99243,0.78252,0.65878,1.11588,0.67715,0.97385,0,0.00129568,0.00129568,0.00129568
11,44.2559,0.8445,1.13974,0.76486,1.01963,0,0.96456,0.96875,0.96536,0.83321,0.96456,0.96875,0.97248,0.81762,0.59199,0.99244,0.79742,0.93793,0,0.00125442,0.00125442,0.00125442
12,46.8312,0.76766,1.10134,0.68997,0.96722,0,0.96867,0.9663,0.99001,0.86523,0.96867,0.9663,0.99001,0.86313,0.55816,0.83995,0.66383,0.91047,0,0.00121316,0.00121316,0.00121316
13,49.4276,0.73145,1.13392,0.65669,0.94346,0,0.96963,0.99772,0.99136,0.86483,0.96963,0.99772,0.99136,0.87167,0.53607,0.79898,0.57161,0.89464,0,0.0011719,0.0011719,0.0011719
14,51.9406,0.72475,1.10577,0.65303,0.94707,0,0.99417,0.96875,0.99409,0.84062,0.99417,0.96875,0.99409,0.81702,0.65533,1.09221,0.62744,0.96783,0,0.00113064,0.00113064,0.00113064
15,54.5487,0.66217,1.00938,0.68436,0.89598,0,0.99524,1,0.995,0.82149,0.99524,1,0.995,0.8563,0.64473,0.70963,0.61525,0.99978,0,0.00108938,0.00108938,0.00108938
16,57.0609,0.75819,1.12394,0.66361,0.95686,0,1,0.96462,0.98962,0.85599,1,0.96462,0.98962,0.86263,0.59217,0.69373,0.5683,0.96134,0,0.00104813,0.00104813,0.00104813
17,59.5574,0.70923,1.01392,0.64422,0.94805,0,0.99752,0.96875,0.98633,0.87544,0.99752,0.96875,0.98633,0.87225,0.50885,0.73665,0.50681,0.90306,0,0.00100687,0.00100687,0.00100687
18,62.092,0.74659,1.05016,0.63894,0.96991,0,0.99459,0.96875,0.97852,0.85558,0.99459,0.96875,0.98841,0.86815,0.54836,0.65385,0.53238,0.92423,0,0.00096561,0.00096561,0.00096561
19,64.6233,0.69389,0.94844,0.56889,0.92361,0,0.9881,0.96875,0.97852,0.84043,0.9881,0.96875,0.98278,0.85823,0.56167,0.70358,0.54777,0.92216,0,0.000924352,0.000924352,0.000924352
20,67.1568,0.64801,0.96603,0.55824,0.90582,0,0.99124,0.96875,0.98155,0.88926,0.99124,0.96875,0.98155,0.88419,0.49939,0.61353,0.5212,0.90756,0,0.000883093,0.000883093,0.000883093
21,69.683,0.65511,0.94712,0.5702,0.91536,0,0.96579,0.96875,0.9809,0.87685,0.96579,0.96875,0.9809,0.88521,0.46902,0.63108,0.52363,0.89087,0,0.000841835,0.000841835,0.000841835
22,72.1818,0.65184,0.95863,0.55476,0.93069,0,1,0.95882,0.989,0.86467,1,0.95882,0.99324,0.86949,0.52881,0.65358,0.48134,0.92313,0,0.000800577,0.000800577,0.000800577
23,74.7111,0.62709,0.9477,0.53264,0.91278,0,0.9969,0.96875,0.98214,0.8589,0.9969,0.96875,0.965,0.85822,0.52349,0.66568,0.53299,0.91795,0,0.000759318,0.000759318,0.000759318
24,77.2235,0.69167,0.91332,0.61913,0.93691,0,0.99638,0.96875,0.98633,0.86609,0.99638,0.96875,0.98633,0.82379,0.52132,0.77982,0.56854,0.92447,0,0.00071806,0.00071806,0.00071806
25,79.7672,0.62201,0.91957,0.51416,0.89722,0,0.99714,0.96875,0.98459,0.84882,0.99714,0.96875,0.98459,0.86422,0.51742,0.60631,0.55222,0.92317,0,0.000676802,0.000676802,0.000676802
26,82.3565,0.60653,0.88216,0.50265,0.90208,0,0.96578,0.96875,0.98806,0.86893,0.96578,0.96875,0.98806,0.8733,0.53718,0.59804,0.52778,0.93548,0,0.000635544,0.000635544,0.000635544
27,84.9581,0.60208,0.93897,0.50883,0.90762,0,0.96547,0.96875,0.98218,0.85523,0.96547,0.96875,0.98218,0.87113,0.52946,0.59693,0.53131,0.90756,0,0.000594286,0.000594286,0.000594286
28,87.523,0.60844,0.93248,0.50028,0.90172,0,0.9926,0.96875,0.98127,0.88157,0.9926,0.96875,0.98127,0.86754,0.4584,0.57212,0.57456,0.88984,0,0.000553027,0.000553027,0.000553027
29,90.1165,0.60249,0.90284,0.51763,0.89521,0,0.99024,0.96875,0.965,0.86455,0.99024,0.96875,0.99324,0.86453,0.47986,0.60274,0.50139,0.90062,0,0.000511769,0.000511769,0.000511769
30,92.6864,0.60771,0.92477,0.51146,0.91031,0,0.99053,0.96875,0.98311,0.86541,0.99053,0.96875,0.98311,0.8624,0.43831,0.58236,0.52531,0.88693,0,0.000470511,0.000470511,0.000470511
31,111.122,0.54653,0.81335,0.52235,0.86552,0,0.99742,0.96875,0.97933,0.86622,0.99742,0.96875,0.97933,0.86055,0.45214,0.58721,0.54383,0.88659,0,0.000429253,0.000429253,0.000429253
32,113.692,0.50052,0.76539,0.4496,0.85972,0,0.9955,0.96875,0.98633,0.86714,0.9955,0.96875,0.98633,0.86606,0.44432,0.5741,0.46637,0.8789,0,0.000387994,0.000387994,0.000387994
33,116.189,0.49266,0.79567,0.42054,0.84876,0,0.99835,0.96875,0.965,0.86934,0.99835,0.96875,0.97871,0.88158,0.46186,0.56316,0.52453,0.86888,0,0.000346736,0.000346736,0.000346736
34,118.666,0.48889,0.75244,0.4096,0.84401,0,0.99671,0.96875,0.965,0.87788,0.99671,0.96875,0.99095,0.88297,0.43813,0.56419,0.51787,0.87337,0,0.000305478,0.000305478,0.000305478
35,121.139,0.50857,0.77926,0.40228,0.82201,0,0.99287,0.96875,0.965,0.88403,0.99287,0.96875,0.99167,0.8871,0.45858,0.56611,0.46513,0.88836,0,0.00026422,0.00026422,0.00026422
36,123.667,0.4893,0.78307,0.40665,0.85508,0,0.99457,0.96875,0.99167,0.90346,0.99457,0.96875,0.99167,0.91088,0.43729,0.5709,0.43774,0.8757,0,0.000222961,0.000222961,0.000222961
37,126.204,0.47214,0.75617,0.36822,0.83499,0,0.99497,0.96875,0.98841,0.88963,0.99497,0.96875,0.98841,0.90479,0.43697,0.56845,0.42219,0.87687,0,0.000181703,0.000181703,0.000181703
38,128.624,0.48984,0.74857,0.38629,0.84559,0,0.98637,0.96875,0.97747,0.8863,0.98637,0.96875,0.989,0.89874,0.43598,0.56269,0.42524,0.86991,0,0.000140445,0.000140445,0.000140445
39,131.076,0.45506,0.72746,0.37172,0.83137,0,0.99189,0.96875,0.97603,0.88983,0.99189,0.96875,0.98786,0.89667,0.44993,0.57113,0.42028,0.87959,0,9.91865e-05,9.91865e-05,9.91865e-05
40,133.555,0.44863,0.76722,0.36589,0.82916,0,0.99266,0.96875,0.97397,0.89798,0.99266,0.96875,0.989,0.89461,0.44383,0.56816,0.4209,0.88236,0,5.79283e-05,5.79283e-05,5.79283e-05
